{"cameraMode":{"drawMode":0,"name":"Shaded","section":"Shading Mode"},"sceneLighting":false,"audioPlay":false,"sceneViewState":{"showFog":true,"showMaterialUpdate":false,"showSkybox":true,"showFlares":true,"showImageEffects":true,"showParticleSystems":true},"in2DMode":false,"pivot":{"x":26.111953735351564,"y":12.918535232543946,"z":-16.707653045654298},"rotation":{"x":-0.04229347035288811,"y":-0.014389533549547196,"z":0.0006036636186763644,"w":-0.9990153908729553},"size":20.072458267211915,"orthographic":false}